index,0,1,2,3,4,5,6,7,8,9,10,11,12,13,14,15,16,17,18,19,20,21,22,23,totals,weekday,Start_Lon_mean,Start_Lat_mean,End_Lon_mean,End_Lat_mean,Start_Lon_std,Start_Lat_std,End_Lon_std,End_Lat_std,Start_Lon_meanAM,Start_Lat_meanAM,End_Lon_meanAM,End_Lat_meanAM,Start_Lon_stdAM,Start_Lat_stdAM,End_Lon_stdAM,End_Lat_stdAM,Start_Lon_meanPM,Start_Lat_meanPM,End_Lon_meanPM,End_Lat_meanPM,Start_Lon_stdPM,Start_Lat_stdPM,End_Lon_stdPM,End_Lat_stdPM,cluster_id,holidays
2018-01-01,119.0,168.0,98.0,72.0,34.0,26.0,39.0,68.0,116.0,162.0,218.0,349.0,385.0,444.0,449.0,484.0,463.0,435.0,409.0,291.0,243.0,193.0,155.0,80.0,5500,0,-73.980465840197,40.73583774827249,-73.98050080178888,40.735450855293664,0.0188228444386124,0.03201601945479135,0.01889420162816722,0.03172891211447305,-73.976679061882,40.738504967219455,-73.97712919387651,40.739127055129345,0.022331936326838102,0.03311173565800795,0.022065126097303656,0.03185984249393188,-73.98134059433909,40.73535135290079,-73.98101822303765,40.7350526031058,0.018583137890390292,0.0312657850594884,0.018365452788889423,0.031383345885725424,4,Working Day
2018-01-02,51.0,22.0,16.0,7.0,31.0,181.0,575.0,1119.0,1940.0,1384.0,668.0,610.0,784.0,856.0,965.0,994.0,1388.0,2257.0,2068.0,1224.0,759.0,436.0,314.0,169.0,18818,1,-73.98281277809397,40.73862516000744,-73.98303395471173,40.73843274479519,0.01758412385989399,0.028663854551315773,0.017727232476107812,0.02851125431554988,-73.98241514488417,40.73742548505012,-73.98485444533377,40.73673193399217,0.017624627387210202,0.030296424592320605,0.0174621825216195,0.027546831567464125,-73.9835049333689,40.738453482210524,-73.98257861964508,40.73859303989996,0.017557079826253805,0.02695700172972389,0.017813490518575174,0.028433694503992562,2,Working Day
2018-01-03,109.0,35.0,39.0,19.0,43.0,222.0,745.0,1462.0,2651.0,1882.0,941.0,853.0,922.0,990.0,1150.0,1212.0,1641.0,2682.0,2577.0,1657.0,1037.0,676.0,475.0,279.0,24299,2,-73.98306803501787,40.738282466913034,-73.98319368036515,40.7379952328042,0.017526110061468887,0.028607659279849307,0.017595183410994197,0.02843351417330315,-73.98204838797794,40.737987413842454,-73.98464330711295,40.737402062104685,0.01756720937148695,0.029893668720589187,0.016993831480418938,0.02677800182356839,-73.98402457869004,40.73855040602908,-73.98303150290211,40.73844664609132,0.017026697445687702,0.027334711546725732,0.01727668403421293,0.028807936904790825,2,Working Day
2018-01-04,141.0,54.0,35.0,23.0,35.0,109.0,173.0,197.0,185.0,102.0,50.0,21.0,33.0,41.0,40.0,64.0,84.0,98.0,130.0,102.0,87.0,47.0,42.0,29.0,1922,3,-73.98255264545789,40.737551246487925,-73.9828059077217,40.73734088895269,0.018633165719233676,0.029246218246674976,0.018705609982582718,0.028969660886851517,-73.98197728382752,40.737882230440384,-73.98346511473716,40.73602960361562,0.01868794769897932,0.03127267637899951,0.018470922495789136,0.0276575474162028,-73.98368602641807,40.73464859024784,-73.98350692568303,40.73529265043162,0.018893872348819916,0.028490979569806743,0.01865494770297661,0.030560110719113125,0,Working Day
2018-01-05,27.0,13.0,2.0,3.0,8.0,32.0,110.0,244.0,475.0,370.0,221.0,195.0,249.0,258.0,268.0,296.0,390.0,552.0,480.0,308.0,171.0,130.0,99.0,71.0,4972,4,-73.98277270214594,40.73695861046517,-73.98319209071275,40.73670003068658,0.01818724157023899,0.028299645464715462,0.018091723667346616,0.02795959640115493,-73.98017206817156,40.736870216549725,-73.98264268395255,40.73653439702307,0.01773591208629838,0.029473581630614483,0.01772457462587254,0.026422105897366925,-73.98407340140801,40.73670139722475,-73.98372724002223,40.73657508057561,0.01787444824122015,0.02709933936716209,0.018192941233218674,0.028580040336899218,0,Working Day
2018-01-06,54.0,35.0,27.0,13.0,10.0,12.0,46.0,77.0,148.0,198.0,306.0,381.0,410.0,393.0,391.0,372.0,338.0,277.0,223.0,197.0,138.0,97.0,89.0,63.0,4295,5,-73.9812643199312,40.73376320143554,-73.98184829056939,40.73370848784279,0.018868930508634123,0.030632051872561638,0.01875785013286313,0.03037353113635833,-73.98148011653348,40.73365029559844,-73.98339536607351,40.7333216965993,0.019387447682663057,0.0312169492732336,0.01939321925334769,0.030631330456422808,-73.98305826787481,40.73349554043499,-73.98298022148819,40.73347299557825,0.017678241762276663,0.02965654103786642,0.017784357628194875,0.029603183882595457,0,Saturday
2018-01-07,59.0,26.0,20.0,12.0,13.0,10.0,25.0,78.0,139.0,267.0,335.0,436.0,483.0,517.0,469.0,540.0,485.0,423.0,398.0,293.0,209.0,169.0,140.0,94.0,5640,6,-73.98167654497905,40.73511503670163,-73.98205099596156,40.73486028868701,0.01884911809390257,0.031063243017789743,0.018773540046889692,0.030667242753229476,-73.9812126243867,40.737844528699604,-73.98300633341287,40.73697611977144,0.01829968962707437,0.03322334864373172,0.017121078038938763,0.03098668155222242,-73.98251672246454,40.73495238849307,-73.98251286285235,40.734473008999046,0.018579988618992797,0.03003415387327625,0.018506287086260783,0.029763174116081887,0,"Holiday, Sunday"
2018-01-08,43.0,24.0,17.0,13.0,35.0,164.0,486.0,1085.0,1801.0,1368.0,669.0,524.0,551.0,672.0,727.0,690.0,856.0,1495.0,1688.0,1175.0,749.0,460.0,338.0,191.0,15821,0,-73.98296882473346,40.738372571533866,-73.98328733044575,40.73824895926518,0.017929232484050886,0.0472652155409142,0.018076412067391013,0.0471211234417858,-73.98143296240195,40.737729517893065,-73.98477042357969,40.73678664691007,0.017362545788389833,0.029960350828582474,0.017094872388624945,0.0266891290955836,-73.98437109659194,40.738782499241594,-73.98337965932564,40.73919498026673,0.018297707698173248,0.07103559339767844,0.018638206586675157,0.07178201397012615,5,Working Day
2018-01-09,111.0,36.0,27.0,14.0,39.0,228.0,718.0,1551.0,2794.0,2019.0,1002.0,805.0,977.0,1068.0,1190.0,1245.0,1660.0,2766.0,2657.0,1727.0,1064.0,684.0,477.0,232.0,25091,1,-73.9835439858335,40.73834085899824,-73.98371313485112,40.73810376733007,0.017485613151911047,0.028266760255317488,0.01763648063922988,0.028045506919050084,-73.98215865010593,40.73818592381354,-73.9857472745102,40.73722581168686,0.017446859976464484,0.02993609574278612,0.01713733872333929,0.02620593109726669,-73.98471988835024,40.73830571883976,-73.98314390923652,40.73870334925015,0.017129120198381073,0.026658900262892384,0.017647347177241385,0.0286745225214982,5,Working Day
2018-01-10,127.0,48.0,35.0,17.0,33.0,250.0,823.0,1821.0,3262.0,2346.0,1170.0,964.0,1074.0,1196.0,1285.0,1499.0,1849.0,2855.0,2868.0,1827.0,1145.0,842.0,559.0,357.0,28252,2,-73.98331579713437,40.7383408209386,-73.9835712223626,40.73819137912561,0.017605365825990996,0.028518022456216218,0.017770790688482672,0.028197669790086782,-73.98232990531045,40.73727906799636,-73.98596385620516,40.736707359018816,0.017645543527315517,0.029934712254285633,0.01710372806902145,0.02631278397504967,-73.98473322354913,40.73847613646896,-73.98321576084587,40.73862364766378,0.017066622472221588,0.026503222202401817,0.017446934908905726,0.02865170691562318,5,Working Day
2018-01-11,174.0,86.0,35.0,27.0,44.0,265.0,1015.0,2118.0,3907.0,2689.0,1327.0,1175.0,1359.0,1433.0,1625.0,1800.0,2154.0,3523.0,3385.0,2183.0,1454.0,956.0,760.0,467.0,33961,3,-73.98326704005646,40.738793724733966,-73.98360251940213,40.73850674207173,0.01771203133312126,0.028506305413467,0.01788492736424383,0.028182462993409405,-73.98177579236477,40.73856397104422,-73.98544242415284,40.73732895085475,0.017810427048467397,0.03030225790753828,0.017220861170350092,0.026671989895370708,-73.98447670522995,40.738471088965895,-73.98302634855769,40.73866685129271,0.017308768368374434,0.02704054825800244,0.0179235181130765,0.02899329891614005,5,Working Day
2018-01-12,227.0,117.0,63.0,35.0,47.0,253.0,831.0,1538.0,2640.0,1837.0,986.0,935.0,824.0,768.0,510.0,806.0,1785.0,2763.0,2335.0,967.0,924.0,443.0,357.0,263.0,22254,4,-73.98316479300006,40.73724082894307,-73.98350658469903,40.737236116496675,0.01766321505122004,0.028512039203925924,0.0177970701821743,0.028379789043833457,-73.98190488654552,40.735715553464345,-73.98494373427438,40.736019273547285,0.01775779098171721,0.029648521235063126,0.017326657049015558,0.02683482956632055,-73.98461590781113,40.73848350169367,-73.98344931208595,40.73841311578013,0.0169811755911611,0.0268211372198887,0.017612273848416047,0.02873873142077672,5,Working Day
2018-01-13,270.0,164.0,105.0,45.0,36.0,57.0,164.0,338.0,645.0,1010.0,1294.0,1486.0,1544.0,1670.0,1613.0,1609.0,1457.0,1043.0,972.0,732.0,543.0,374.0,301.0,288.0,17760,5,-73.98154823940531,40.73496086511475,-73.98223692188694,40.73454764958542,0.01892154424813107,0.03080838502838999,0.01880782376474753,0.030475670357844768,-73.98122434716599,40.73753537031426,-73.98285839976964,40.737147367337094,0.01933799317438968,0.03115983708767778,0.01861881108526721,0.02987886790071786,-73.98236045937705,40.73439132650509,-73.98246490797386,40.734215719141716,0.0185533171384374,0.02995442133892242,0.0187016105425956,0.029906923441059382,0,Saturday
2018-01-14,199.0,103.0,69.0,44.0,35.0,28.0,64.0,168.0,344.0,565.0,824.0,966.0,1056.0,1165.0,1107.0,1134.0,1037.0,852.0,745.0,585.0,487.0,365.0,274.0,182.0,12398,6,-73.98161268314755,40.73444866516365,-73.98181046141856,40.734082319106896,0.018869829052678425,0.0317218428214965,0.01874825811476145,0.031257207718460515,-73.98044536003428,40.73663444513444,-73.98235969279045,40.73678694199578,0.019637656227111357,0.03235737309574365,0.01936814982860544,0.031184813604591643,-73.98228593403236,40.734162440820185,-73.98204920835101,40.73393248866073,0.01841827949315223,0.031091885459746633,0.018370571234688587,0.03078073617194035,0,"Holiday, Sunday"
2018-01-15,130.0,53.0,31.0,23.0,31.0,84.0,286.0,544.0,944.0,1057.0,933.0,1047.0,1144.0,1227.0,1331.0,1398.0,1350.0,1594.0,1463.0,1132.0,744.0,478.0,389.0,224.0,17637,0,-73.9826453233934,40.73723698809891,-73.98277234427343,40.73690390418237,0.01816250261422268,0.030093484860821283,0.018184209556856085,0.029835195056370726,-73.98143485637948,40.73713021077257,-73.9835677442863,40.737129721058714,0.018358952491753813,0.03148383716538146,0.017299847781776463,0.02916551519580775,-73.98319181857755,40.737612239485934,-73.98255746168667,40.73707634855374,0.017685946810734543,0.028785949864903064,0.018163440845276463,0.02945303175620355,0,Working Day
2018-01-16,132.0,42.0,21.0,29.0,51.0,298.0,939.0,1945.0,3386.0,2229.0,1107.0,1042.0,1273.0,1340.0,1468.0,1444.0,1891.0,3172.0,3230.0,2066.0,1366.0,903.0,612.0,292.0,30278,1,-73.98342007584492,40.73914416749051,-73.98349515962394,40.738923939782225,0.018397673045468976,0.06195884083758876,0.018484430813686642,0.06182235685608749,-73.98219703558937,40.73853220891896,-73.98526653135187,40.73763943110301,0.017994177789677483,0.030885553118539487,0.017263012396656386,0.027271282243756013,-73.98461125132879,40.7380871359054,-73.98321120604675,40.73837630891151,0.017382964445142413,0.02745523849555036,0.017859747506920227,0.02913354629358723,5,Working Day
2018-01-17,142.0,68.0,21.0,24.0,36.0,209.0,423.0,763.0,1297.0,1020.0,564.0,465.0,685.0,730.0,1012.0,1051.0,1524.0,2459.0,2455.0,1613.0,999.0,684.0,515.0,251.0,19010,2,-73.98335801516039,40.736376438101026,-73.98308273195835,40.736414848251314,0.017894118762487702,0.02851140894091076,0.01807963004930242,0.028754442690023488,-73.98140583147489,40.73557962411192,-73.98449090238391,40.73575588631286,0.01785380860405718,0.02968980946857735,0.01770755887387395,0.02690179961413175,-73.98445910152074,40.73696337873631,-73.98310701802241,40.7370439174656,0.0177688292386019,0.02764461596090397,0.01805081292727192,0.028944930515796108,5,Working Day
2018-01-18,113.0,59.0,22.0,20.0,43.0,239.0,834.0,1770.0,3146.0,2215.0,1165.0,1009.0,1122.0,1147.0,1321.0,1398.0,1814.0,2828.0,2744.0,1820.0,1180.0,753.0,583.0,317.0,27662,3,-73.98317659675561,40.73806610512542,-73.98356751654514,40.73792194175128,0.0175611118136276,0.02856499309165623,0.017593563806719188,0.02823061040126015,-73.98180311256787,40.73731659611361,-73.98493186812767,40.73679221410218,0.01757447757787775,0.029970082939978326,0.017126829844153032,0.02700754139863011,-73.98423999611488,40.73832852508771,-73.98335543301565,40.738498384518735,0.017405588171545052,0.02746879201674473,0.017720938292055864,0.028793305480759358,5,Working Day
2018-01-19,166.0,84.0,38.0,22.0,44.0,236.0,833.0,1817.0,3375.0,2474.0,1272.0,1141.0,1386.0,1388.0,1582.0,1745.0,2202.0,3278.0,2744.0,1793.0,1124.0,773.0,554.0,454.0,30525,4,-73.98326849634174,40.73835233002553,-73.98366616156284,40.73806317516182,0.01770670096001918,0.02867464264586305,0.01770652548229061,0.02823173668338268,-73.98193463326662,40.73852376459227,-73.98493237502366,40.737666860182316,0.01761638472335872,0.030020143977287576,0.017217904375436098,0.0268935124567674,-73.9844842063697,40.73806072794722,-73.98351605390312,40.738137636829904,0.01733264525946646,0.02719029321803279,0.01765184333101479,0.02852038260900938,5,Working Day
2018-01-20,293.0,192.0,119.0,64.0,60.0,72.0,162.0,383.0,838.0,1317.0,1805.0,2210.0,2491.0,2649.0,2842.0,2676.0,2490.0,1998.0,1560.0,1354.0,979.0,756.0,675.0,522.0,28507,5,-73.981728175196,40.73691162265779,-73.9823637557169,40.736525721290256,0.01909942733064825,0.030918055033106562,0.01896262990603677,0.030644563750659163,-73.98029678364118,40.73687002419104,-73.98253216750162,40.73675843802226,0.019184167933853045,0.032260453856617036,0.018578828207056974,0.03087526261118517,-73.98235074041797,40.7365751024789,-73.9821519967232,40.735926958158224,0.018782943591197726,0.029929817188007662,0.01893219916108486,0.030031116549731545,0,Saturday
2018-01-21,385.0,270.0,174.0,102.0,64.0,47.0,132.0,361.0,641.0,1167.0,1670.0,2140.0,2511.0,2717.0,2882.0,2732.0,2410.0,1831.0,1755.0,1184.0,961.0,865.0,575.0,332.0,27908,6,-73.9817152099813,40.73637278047679,-73.9819771243366,40.736000334595104,0.01911465260581608,0.031993829393193327,0.019065949280452327,0.031650483082570985,-73.98030998876398,40.73910976386622,-73.98247801916025,40.738516265588586,0.01890312334538569,0.03352346431642843,0.018295775809638155,0.03241599662991917,-73.98258723704956,40.73492640271021,-73.9822162679047,40.734733473643175,0.018814865154054998,0.030886973145952363,0.01891760553893441,0.030888491396626538,0,"Holiday, Sunday"
2018-01-22,173.0,66.0,31.0,21.0,52.0,308.0,1140.0,2392.0,4174.0,2782.0,1391.0,1274.0,1628.0,1598.0,1713.0,1951.0,2378.0,3779.0,3991.0,2410.0,1568.0,971.0,696.0,377.0,36864,0,-73.98371815926126,40.73952211485933,-73.98385110089237,40.73927073151343,0.01888610648739541,0.07980041815320545,0.01893834645114386,0.07970102990207083,-73.98267195313393,40.73806933498253,-73.98618915127841,40.73716625333615,0.01773221914462024,0.030006912613913413,0.016801066780533558,0.0260171826389752,-73.98505640284417,40.737989156403366,-73.98334599907332,40.73834096670152,0.017474958580626587,0.02707315398078426,0.017859088735222326,0.029147911670725675,5,Working Day
2018-01-23,172.0,85.0,38.0,28.0,49.0,337.0,581.0,1407.0,2199.0,1048.0,821.0,803.0,819.0,1281.0,1699.0,2119.0,2104.0,3498.0,3497.0,2374.0,1530.0,1125.0,754.0,429.0,28797,1,-73.98359883831667,40.73774134892415,-73.98315555963634,40.73760873194738,0.01869733077468724,0.06916132731846761,0.018901865485690453,0.06927377000582274,-73.98107254945191,40.738481522313705,-73.98408878408453,40.738922669216755,0.020289635555635885,0.12226653281909056,0.02027197547784688,0.12162371569399665,-73.98492744159942,40.73601773485208,-73.98305814289697,40.73612084873624,0.017730863483746747,0.028127309772213945,0.018123485284431945,0.029817964142689495,2,Working Day
2018-01-24,183.0,80.0,41.0,30.0,44.0,343.0,1135.0,2638.0,4456.0,3006.0,1554.0,1377.0,1596.0,1598.0,1653.0,1796.0,2167.0,3518.0,3364.0,2171.0,1365.0,1020.0,614.0,329.0,36078,2,-73.98306918938806,40.73860487610321,-73.98359871434702,40.73830761528344,0.017700995587770548,0.028696476795327275,0.0177695807996557,0.028097631885800497,-73.98192820648462,40.73771502576333,-73.98530404783448,40.73692974791323,0.017760780544254715,0.030126967118321357,0.01728065185973991,0.026711574147876057,-73.98446200599119,40.73848628263353,-73.98324047643709,40.738885025401025,0.017317541705751848,0.026784275965686503,0.01760017553592672,0.028453617108878688,5,Working Day
2018-01-25,153.0,66.0,26.0,20.0,45.0,288.0,923.0,2013.0,3595.0,2428.0,1206.0,1068.0,1265.0,1356.0,1515.0,1548.0,1950.0,3300.0,3037.0,1988.0,1299.0,947.0,684.0,427.0,31147,3,-73.98321265986999,40.738506712061906,-73.98350737927133,40.73820411679896,0.017503658125513886,0.028578408429548376,0.017559135425047955,0.028231370066410025,-73.9818178269674,40.738387599572725,-73.98491361528298,40.73762384817529,0.017532090538588018,0.029701635323439723,0.017140363626562582,0.026674894652438264,-73.98467920152216,40.738422844471614,-73.98357743217177,40.738542975045135,0.017029090494563463,0.027005904625878614,0.017254581339350945,0.02836204842456565,5,Working Day
2018-01-26,194.0,101.0,61.0,34.0,62.0,252.0,865.0,1972.0,3528.0,2674.0,1417.0,1309.0,1561.0,1646.0,1828.0,1952.0,2439.0,3416.0,3002.0,1815.0,1097.0,738.0,633.0,477.0,33073,4,-73.98323861857763,40.73877440787308,-73.98360544506718,40.73844677195832,0.01810307809205464,0.053827933025579665,0.018117319579519096,0.05359500219667456,-73.98198361753455,40.73725360913189,-73.9850625720702,40.736500021592576,0.017473132761626566,0.030358822363856813,0.01735542868687227,0.027008060433314798,-73.98451262638812,40.73906551694468,-73.9833533342138,40.739048792037735,0.017367563052501873,0.02722884452485901,0.01759619957761681,0.028805038596081863,5,Working Day
2018-01-27,309.0,212.0,159.0,83.0,59.0,69.0,171.0,401.0,924.0,1622.0,2001.0,2595.0,3018.0,3342.0,3303.0,3207.0,2964.0,2487.0,2018.0,1655.0,1219.0,984.0,888.0,660.0,34350,5,-73.9818490229884,40.73624571795571,-73.98246085466643,40.735653029447796,0.01893220405779432,0.031973415419952515,0.01892873327697805,0.0316738842997646,-73.98062349197713,40.73933023607045,-73.9827809978757,40.73888003077555,0.01878697249482743,0.033217366427976965,0.01825185246322496,0.03144748226253817,-73.98246712268345,40.73606348577064,-73.98222750289459,40.73511880272782,0.018860834726925783,0.03147556426553059,0.01910221634034928,0.031438620296472555,0,Saturday
2018-01-28,510.0,246.0,126.0,86.0,33.0,21.0,48.0,135.0,321.0,549.0,917.0,884.0,974.0,1510.0,1831.0,2109.0,2266.0,1971.0,1665.0,1327.0,964.0,717.0,534.0,356.0,20100,6,-73.98203899521306,40.73609523681615,-73.9822359611393,40.73567919680314,0.018847951308931316,0.031081851287132874,0.018992018621242925,0.0309303351113776,-73.98130613866162,40.735849663145814,-73.98319036497288,40.73605267120444,0.01855294720874487,0.033958714580846636,0.018009890783497684,0.03238366915552191,-73.98255296564186,40.73574974575563,-73.98256134121955,40.735264197405705,0.018916951413205853,0.030988130676740007,0.01903451289604337,0.030799653351213676,0,"Holiday, Sunday"
2018-01-29,169.0,97.0,48.0,27.0,60.0,340.0,1144.0,2526.0,4259.0,2929.0,1385.0,1293.0,1461.0,1536.0,1647.0,1836.0,2264.0,3831.0,3827.0,2500.0,1623.0,1026.0,669.0,302.0,36799,0,-73.98338933884499,40.739408557017995,-73.98372302394553,40.73896738428335,0.01849594795428847,0.06736286284914758,0.018524972849102508,0.06718220046597605,-73.98245885532249,40.73814493964161,-73.98580158721984,40.73702792805637,0.017662193754492454,0.03045210965615652,0.0170201946932532,0.026476532500128408,-73.98464390587995,40.738024512776754,-73.98323522807364,40.738248603732025,0.01739742505991063,0.027431297907454813,0.01774869505236334,0.02936933091210647,5,Working Day
2018-01-30,90.0,40.0,21.0,16.0,35.0,227.0,647.0,1269.0,2440.0,1973.0,1191.0,1100.0,1277.0,1354.0,1408.0,1639.0,2080.0,3203.0,3141.0,1952.0,1217.0,799.0,590.0,287.0,27996,1,-73.98338963919471,40.73818870155834,-73.98355624661146,40.737991356130586,0.017901222297586197,0.04936136670289113,0.017960050969391263,0.0493024593081628,-73.982032700587,40.73735718665427,-73.98515395378762,40.7368722865812,0.017352127155835347,0.029253369872957083,0.017141079118167743,0.026707459482691303,-73.98432829404537,40.738195512833244,-73.98317620728753,40.73819459804654,0.01762639103831784,0.02732833891589022,0.017697366655916032,0.028697043432746663,5,Working Day
2018-01-31,138.0,61.0,20.0,15.0,48.0,297.0,939.0,1950.0,3476.0,2404.0,1250.0,1067.0,1319.0,1420.0,1487.0,1617.0,2036.0,3216.0,3133.0,2096.0,1355.0,904.0,663.0,365.0,31276,2,-73.98337900235819,40.73877621315877,-73.9835955336101,40.73857579893523,0.018396152400242262,0.07192931278883137,0.018466294286656984,0.07183701366766704,-73.98229310992298,40.73903218409605,-73.98509416791657,40.738613810484246,0.019047873327069004,0.09281214474671394,0.018684863048376167,0.09195140701045937,-73.98444718049565,40.73825776614261,-73.98322875701245,40.738448675171405,0.017149152214540046,0.02698413734660079,0.01743044224389034,0.028700244941337993,5,Working Day
2018-02-01,184.0,88.0,45.0,28.0,39.0,295.0,1046.0,2299.0,4081.0,2811.0,1374.0,1345.0,1649.0,1595.0,1712.0,1852.0,2355.0,3661.0,3396.0,2187.0,1448.0,1147.0,660.0,264.0,35561,3,-73.9836368852607,40.73816611914453,-73.98397621632022,40.73790538405425,0.017442464882167903,0.02857594921005838,0.017503417566986246,0.02812508688785981,-73.9822635800865,40.737938842649726,-73.985683759081,40.73709790665224,0.017403652712806767,0.02997166561489642,0.016914171989367132,0.02642215467851632,-73.9851094937659,40.73729043421758,-73.98372485182857,40.73765429191092,0.01711191566635718,0.027166055160704798,0.017452893688087986,0.028825878444111032,5,Working Day
2018-02-02,140.0,46.0,17.0,27.0,40.0,248.0,854.0,1807.0,3291.0,2457.0,1229.0,1167.0,1260.0,1257.0,1317.0,1406.0,1836.0,2609.0,2093.0,1254.0,777.0,484.0,399.0,298.0,26313,4,-73.98307596754374,40.738268973363965,-73.98367860977943,40.738000212347,0.017459187197233612,0.028540084116470545,0.017482168377528473,0.02791332733113816,-73.98193230687673,40.73778861414088,-73.98446096413619,40.73726691773022,0.017633198346771583,0.02998292349734564,0.017304945904676655,0.02686137097393292,-73.98435945604017,40.73838625945749,-73.98375509207081,40.73835079671231,0.017140545539301957,0.026733945462102997,0.01739032627777909,0.02786591459296842,0,Working Day
2018-02-03,174.0,119.0,72.0,56.0,34.0,46.0,122.0,333.0,585.0,913.0,1220.0,1418.0,1580.0,1625.0,1548.0,1609.0,1547.0,1369.0,1107.0,946.0,679.0,509.0,475.0,299.0,18385,5,-73.98187729583178,40.7353500942651,-73.9823694937382,40.734970976948226,0.018671782906687483,0.03109931909141732,0.018598756087864002,0.030823230330577007,-73.98158769908545,40.73487705964538,-73.98348926666304,40.73505145927461,0.018243414183856284,0.03090576902311322,0.017421959301374274,0.0299314348869563,-73.98247659799318,40.735726472327535,-73.98246314508121,40.735176584697854,0.018541166986558992,0.030852151039044505,0.018465654431498797,0.030876107392385263,0,Saturday
2018-02-04,260.0,163.0,101.0,66.0,32.0,29.0,88.0,249.0,629.0,1011.0,1404.0,1725.0,1578.0,1298.0,1396.0,1228.0,970.0,515.0,338.0,155.0,104.0,80.0,303.0,237.0,13959,6,-73.98181760943142,40.735426572077436,-73.98216260196094,40.73518055148241,0.018880354104331063,0.03193458054998611,0.01888638052601518,0.031452348697292694,-73.97979495351552,40.739970140819175,-73.98142921969166,40.739800950076045,0.018931316928085192,0.03379020695747472,0.018716691657254318,0.032058337502815684,-73.98255496681907,40.7337440635085,-73.9822960903601,40.73368689726964,0.018466102524309545,0.031135846820818724,0.018649487386746943,0.031597631671139964,0,"Holiday, Sunday"
2018-02-05,126.0,52.0,18.0,29.0,35.0,280.0,885.0,2055.0,3066.0,2295.0,1100.0,973.0,1147.0,1187.0,1253.0,1411.0,1850.0,3160.0,3204.0,1950.0,1266.0,881.0,540.0,305.0,29068,0,-73.98363294887719,40.73870325469204,-73.98379040239281,40.73828488949252,0.01758865715531011,0.04019914978718838,0.017689847104323208,0.039948379728847135,-73.98297304136007,40.73908623088163,-73.98573245991686,40.73783396404989,0.01719092136222072,0.030238352832748932,0.01668900861281972,0.027143886900812292,-73.98469194913079,40.737848127040884,-73.98328739999603,40.738028403336614,0.017212768076835427,0.027457481543816237,0.01753162914886999,0.029055283465032725,2,Working Day
2018-02-06,130.0,60.0,31.0,14.0,55.0,318.0,1116.0,2416.0,3955.0,2569.0,1244.0,1155.0,1285.0,1355.0,1500.0,1655.0,2082.0,3600.0,3533.0,2267.0,1521.0,1094.0,734.0,413.0,34102,1,-73.98350727138731,40.73863009566862,-73.98365179299056,40.738316040685675,0.017412128964223134,0.028578195343870176,0.01758658951674345,0.02827641314997565,-73.98251100861916,40.73822296423888,-73.98564973728044,40.737441435348465,0.017417792687606716,0.030009965982118993,0.01699285780671918,0.026807370196195997,-73.98448374813012,40.73846671989429,-73.9830552570477,40.738627789507426,0.017104843461769968,0.02720957374516812,0.017635401391075226,0.0288342960961893,5,Working Day
2018-02-07,178.0,79.0,43.0,24.0,40.0,316.0,1027.0,2164.0,2519.0,1014.0,426.0,366.0,319.0,255.0,285.0,376.0,497.0,744.0,1068.0,1244.0,742.0,648.0,576.0,339.0,15289,2,-73.98266199586675,40.73782986295826,-73.98318805455641,40.73741736199547,0.0177562278220282,0.028726672448609693,0.01783427102477698,0.02796384800500049,-73.9818003588597,40.736604243303226,-73.98489068571382,40.73630077206825,0.017682716124561102,0.02994678124953405,0.017478008738869982,0.026985786480844744,-73.98463788203546,40.737368781237976,-73.98340904096237,40.737168592187295,0.017336967554354592,0.026221518279569738,0.017460190258724386,0.027826708747151097,5,Working Day
2018-02-08,153.0,84.0,29.0,17.0,41.0,310.0,940.0,1984.0,3528.0,2392.0,1288.0,1145.0,1389.0,1341.0,1512.0,1622.0,2013.0,3324.0,3062.0,2019.0,1375.0,938.0,671.0,385.0,31562,3,-73.98326522887984,40.738957870890715,-73.9835895360524,40.73863701895292,0.018083334901005214,0.0545097292403896,0.0182002902641635,0.054324778377596736,-73.98206368562201,40.737247094416965,-73.9852099900166,40.736546908499975,0.0177595368864233,0.030320228506858726,0.01726621057267683,0.027136678723209896,-73.98452153340453,40.738742614947036,-73.98333326389171,40.73886436102523,0.017124951845569013,0.02674347890282892,0.017493339790128383,0.028291673297054117,5,Working Day
2018-02-09,158.0,75.0,39.0,36.0,58.0,259.0,924.0,1969.0,3568.0,2475.0,1267.0,1249.0,1424.0,1563.0,1584.0,1777.0,2237.0,3310.0,2691.0,1789.0,1177.0,797.0,633.0,509.0,31568,4,-73.98355234979002,40.73845044066947,-73.98385219836929,40.73810379790721,0.017548697645226576,0.028659163305048106,0.017547996245122925,0.028226191521377206,-73.98230405013337,40.737836378354004,-73.9850246891358,40.73704350253274,0.017517824345253324,0.030141583728297807,0.01700194728710011,0.026989432187217527,-73.98443231586884,40.7388946458292,-73.98347189518147,40.738858488073575,0.017295174042078403,0.02713593432557333,0.017544232383180904,0.028485013720384294,2,Working Day
2018-02-10,347.0,226.0,153.0,88.0,69.0,81.0,188.0,454.0,951.0,1508.0,1918.0,2303.0,1728.0,1079.0,564.0,586.0,1037.0,1140.0,705.0,263.0,217.0,190.0,276.0,253.0,16324,5,-73.98192497078823,40.734572566427296,-73.982433707472,40.73447237127357,0.01858879531815684,0.03104161454498989,0.018565135134041368,0.030650317934114407,-73.98110157795999,40.73695340228139,-73.98278858307691,40.73709475857746,0.018867096146591,0.03196602164663074,0.018161071488595627,0.030967588779570118,-73.98396394277111,40.73293580413661,-73.98346560108423,40.73277078422701,0.01811865171625009,0.02932251333387838,0.01806043639020344,0.029696900469492037,0,Saturday
2018-02-11,125.0,95.0,73.0,47.0,29.0,21.0,45.0,109.0,193.0,248.0,439.0,471.0,471.0,260.0,452.0,632.0,731.0,668.0,920.0,760.0,660.0,583.0,460.0,317.0,8809,6,-73.9827288902305,40.73620671020231,-73.98254834491196,40.73569408585764,0.018271934515119933,0.030241089035471905,0.018477179982008898,0.03037127123143608,-73.98154530945418,40.73829121063285,-73.98324860411597,40.738510474920844,0.0179814723912904,0.03448320681074436,0.01805955425745515,0.033644172136373066,-73.98313218102629,40.73778113967726,-73.98316714303128,40.737190083777826,0.018244651740933614,0.030379266024247963,0.018245869180329298,0.030307290592678636,0,"Holiday, Sunday"
2018-02-12,168.0,79.0,46.0,30.0,66.0,348.0,1116.0,2351.0,3865.0,2406.0,1186.0,1192.0,1515.0,1523.0,1648.0,1754.0,2365.0,3850.0,3695.0,2409.0,1550.0,1024.0,641.0,311.0,35138,0,-73.98371890422058,40.739107051942405,-73.98381930901326,40.73870664447213,0.017662421520127463,0.028548550147310694,0.017884587012635917,0.02833774377125503,-73.98226506040254,40.740319360104564,-73.98546982948695,40.738722010595176,0.017813681191098094,0.02995443403848073,0.017269242502174237,0.026359106259274283,-73.98490105160974,40.738322923166095,-73.98331580848185,40.73891879933737,0.017335144819741438,0.02739767036132677,0.017926042449708288,0.029298449787192583,5,Working Day
2018-02-13,156.0,66.0,25.0,27.0,45.0,302.0,1080.0,2312.0,4034.0,2622.0,1372.0,1201.0,1515.0,1603.0,1633.0,1761.0,2224.0,3661.0,3475.0,2279.0,1545.0,1100.0,699.0,452.0,35189,1,-73.98337575266983,40.73866570417433,-73.98367112834924,40.738281643209866,0.017638133316279867,0.02857943992910588,0.017725898021327298,0.0282601163869336,-73.98235906023741,40.73896981513777,-73.98561247534094,40.737549393042435,0.017442596703715542,0.029935268649085082,0.01708022065594209,0.026673176384175958,-73.98472358362328,40.737971026215426,-73.9833921827132,40.73812162876249,0.017130028916263668,0.026963930357332612,0.017527723591182084,0.028684930033628937,5,Working Day
2018-02-14,190.0,77.0,44.0,30.0,43.0,308.0,1157.0,2439.0,4242.0,2958.0,1626.0,1496.0,1807.0,1864.0,1989.0,2211.0,2761.0,4604.0,4109.0,2445.0,1476.0,987.0,554.0,174.0,39591,2,-73.98385007027268,40.738258598740074,-73.98401190287224,40.73792623278415,0.01755043799328489,0.028534969506861563,0.017624158621703287,0.02823996323248656,-73.98267356683623,40.738139095605,-73.98586965366243,40.7370173867888,0.017589621702126034,0.030129763318008207,0.01697507051362717,0.026744745770266396,-73.98504918886758,40.73785014497451,-73.98363409537545,40.73795440547527,0.01740677499651622,0.02695947670040543,0.017815053015158958,0.02869989148607708,5,Working Day
2018-02-15,160.0,83.0,41.0,27.0,53.0,332.0,1180.0,2760.0,4925.0,3301.0,1808.0,1652.0,2010.0,2010.0,2199.0,2429.0,3002.0,4838.0,4447.0,3038.0,2116.0,1014.0,487.0,281.0,44193,3,-73.98384342298449,40.73828783706685,-73.98415042620127,40.73799148137872,0.0175104273445735,0.028724152929058,0.01762964977393946,0.02844063438653129,-73.98177404280932,40.73838257899589,-73.98562348445418,40.737228577215426,0.01750088167482288,0.03020015103200023,0.017133728902619248,0.026468161958779043,-73.98522234796728,40.73786660692678,-73.98355598540856,40.738218716333,0.017290265258635747,0.0273518710302482,0.01788463386359708,0.02924178538834685,5,Working Day
2018-02-16,188.0,109.0,59.0,39.0,47.0,210.0,623.0,1132.0,2906.0,2830.0,1771.0,1635.0,1996.0,2042.0,1676.0,1069.0,1162.0,2698.0,2642.0,1641.0,1040.0,719.0,547.0,410.0,29191,4,-73.98320634313029,40.73778811930414,-73.98365450381547,40.73744894988123,0.01780357577921596,0.028515556441947625,0.017796419421322818,0.028087968770588483,-73.98175127654343,40.737088247394055,-73.98495036558153,40.73668797594811,0.01773871511131545,0.0302566713682184,0.017212129324182028,0.027171042680696752,-73.98402659159295,40.73864959369371,-73.98289724059745,40.7384706435742,0.01769843013835218,0.026927750501278942,0.018144700881790352,0.02816606094601857,5,Working Day
2018-02-17,264.0,186.0,97.0,64.0,42.0,55.0,160.0,364.0,733.0,1137.0,1468.0,1788.0,2139.0,1962.0,1827.0,1796.0,1558.0,1010.0,526.0,263.0,153.0,110.0,112.0,107.0,17921,5,-73.98207627464329,40.73480255978597,-73.98264000848839,40.73471529715285,0.01861005440113104,0.031746385043473144,0.018587078290137803,0.031186097788446412,-73.98144666267659,40.73637572682517,-73.98358503225674,40.73628466421477,0.018124506459441254,0.03182260817109706,0.01785423445569605,0.030471912480233426,-73.98253768888438,40.73419619232653,-73.98248234324839,40.73433142161001,0.0183560059672706,0.03173781690009589,0.01813656054525287,0.031571967789634135,0,Saturday
2018-02-18,85.0,97.0,59.0,50.0,27.0,44.0,68.0,190.0,440.0,702.0,1120.0,1468.0,1785.0,2156.0,2060.0,2183.0,2194.0,1943.0,1406.0,1083.0,812.0,651.0,499.0,415.0,21537,6,-73.98280241369916,40.73613947309652,-73.98307167732709,40.73573682219109,0.01851037606668246,0.03136954294622496,0.01847171365862088,0.031108703369662927,-73.98147610798782,40.73835284902579,-73.98304196891203,40.73829033467339,0.018667337808264413,0.03117008799269941,0.018314614624812015,0.030805103445565668,-73.98323658163852,40.73595928881385,-73.98325700275582,40.735465375543974,0.018258280973863637,0.03110881756734817,0.018107921055989854,0.030858067214063683,0,"Holiday, Sunday"
2018-02-19,244.0,118.0,69.0,54.0,37.0,115.0,330.0,680.0,1488.0,1565.0,1674.0,1931.0,2044.0,2124.0,2132.0,2232.0,2118.0,1838.0,1411.0,1111.0,746.0,733.0,533.0,350.0,25677,0,-73.98206760991853,40.737194308400156,-73.98245603275585,40.736773970549024,0.01835704741976701,0.0310522054303782,0.018381600062969555,0.03066356314747328,-73.98037858322574,40.73729227923424,-73.98337862951507,40.737293168171426,0.01839900441310746,0.032770006325628265,0.017549933329562496,0.030113067686975095,-73.98211911111365,40.73825425282273,-73.98177709614902,40.737567536669175,0.0180803713098217,0.030114847029245575,0.01838494706927836,0.030351627496525837,0,Working Day
2018-02-20,161.0,85.0,53.0,22.0,59.0,315.0,1016.0,2180.0,3884.0,2894.0,1549.0,1432.0,1837.0,2050.0,2210.0,2422.0,3248.0,5382.0,4961.0,3286.0,2256.0,1545.0,1055.0,578.0,44480,1,-73.98370500896866,40.738663791430064,-73.98362147535235,40.73817669650705,0.01834284401911838,0.04317187659947425,0.018454020195699014,0.04317356397432245,-73.98105813953262,40.738502017404414,-73.98544986066595,40.73733928748524,0.018946528711668492,0.030633637935058293,0.01764047915877034,0.02667577370923724,-73.98527291948187,40.738240812491476,-73.98314927465904,40.7382765773156,0.017885620742690476,0.027694598568977092,0.01837888828870277,0.029622776634288837,1,Working Day
2018-02-21,278.0,130.0,87.0,38.0,62.0,389.0,1315.0,2793.0,5050.0,3627.0,2061.0,2006.0,2478.0,2767.0,2876.0,3166.0,3906.0,6261.0,5378.0,3500.0,2211.0,1133.0,960.0,639.0,53111,2,-73.98395615579635,40.737872468287314,-73.98417966350429,40.737575581770365,0.018202438130360918,0.029273405365076013,0.0182852779907734,0.028949464282406457,-73.98150402781752,40.737893590298846,-73.98564805803535,40.73722633621625,0.017913501829837825,0.03093511212935273,0.017360417107838918,0.02691169144816896,-73.98552582140758,40.73767241674475,-73.98362816910019,40.73788778917695,0.017837127507441066,0.02785463760623448,0.018483495179464758,0.029597299098101357,1,Working Day
2018-02-22,305.0,159.0,76.0,57.0,58.0,320.0,1150.0,1687.0,3596.0,2704.0,1431.0,1325.0,1500.0,1101.0,760.0,772.0,609.0,1263.0,2391.0,2011.0,1384.0,1033.0,809.0,509.0,27010,3,-73.98311303421491,40.736870237642115,-73.98367539034943,40.736741389316286,0.017847856327636816,0.028408331291173736,0.018015868533352616,0.027960062184974332,-73.98230675446997,40.735158002273884,-73.98576433560558,40.73540150032292,0.017742059600942408,0.029045190606839518,0.017245666171425686,0.026291214863541745,-73.98429504091273,40.737646018394095,-73.98288369600789,40.737703365438364,0.01739019529589625,0.026881468707698003,0.017910315046104044,0.028382166098906536,5,Working Day
2018-02-23,282.0,139.0,72.0,50.0,53.0,329.0,1001.0,1959.0,2980.0,1955.0,939.0,896.0,1110.0,1130.0,1145.0,1303.0,1514.0,1968.0,1897.0,1678.0,1188.0,867.0,650.0,529.0,25634,4,-73.98328955951331,40.737195295716546,-73.98379941260818,40.73698341622495,0.01751623349851213,0.028764240186563744,0.017533057854581896,0.028133671566222446,-73.98164542340253,40.736966073340675,-73.98524405397434,40.73627500664559,0.017498654492290426,0.03091689842485245,0.017021007367608375,0.027608378815083528,-73.98478604331001,40.735807398381695,-73.98386262283194,40.73601954098898,0.0172456583157988,0.02709096451606753,0.01734670104954036,0.028247048294621907,5,Working Day
2018-02-24,421.0,242.0,152.0,118.0,69.0,84.0,237.0,519.0,1075.0,1808.0,2324.0,2776.0,2779.0,2674.0,2481.0,898.0,1198.0,1221.0,1292.0,1051.0,790.0,478.0,430.0,433.0,25550,5,-73.98166164409908,40.73578641601358,-73.98234186348405,40.73534701552989,0.0188873656288036,0.03155393934298713,0.01880881475192874,0.031104902743984687,-73.98021399044761,40.737271070217595,-73.98244080027297,40.73736903438789,0.019069109702994445,0.03428712426701224,0.018611092410101667,0.0319324662089988,-73.98264433622188,40.7345959991778,-73.98270022729504,40.73450493886294,0.01855954647300273,0.030205220504013426,0.018621159586633462,0.03008659451245308,0,Saturday
2018-02-25,368.0,246.0,165.0,84.0,22.0,13.0,22.0,85.0,220.0,363.0,453.0,570.0,880.0,1037.0,1277.0,1547.0,1752.0,1674.0,1520.0,1272.0,937.0,757.0,556.0,329.0,16149,6,-73.98238622140606,40.735217770472175,-73.98235606679954,40.734872085792645,0.018399754338228918,0.030969681045596338,0.01858893554917972,0.030987362049956932,-73.97919656886918,40.73808531141279,-73.98172182893173,40.73792201709704,0.019341462381465915,0.03304674258942182,0.018713924680738715,0.03143254159994032,-73.98286973476141,40.735445678845686,-73.98258483678549,40.73532465778778,0.018422386153378854,0.030883162665333905,0.018663841406511433,0.031233186124734337,0,"Holiday, Sunday"
2018-02-26,186.0,90.0,39.0,27.0,46.0,347.0,1308.0,2728.0,4506.0,2864.0,1474.0,1378.0,1707.0,1781.0,1965.0,2124.0,2804.0,4894.0,4673.0,2968.0,1976.0,1313.0,908.0,464.0,42570,0,-73.98363807085622,40.739093944159976,-73.98368657878012,40.73872418527302,0.01813056148266846,0.05932603629043068,0.01830057988794308,0.05922618038090813,-73.98213107313596,40.74012457399056,-73.98560509236644,40.739199216877495,0.019466713873188515,0.10099258666189534,0.0189046071673105,0.099912771920531,-73.98491498961758,40.73788483915249,-73.98294284892752,40.73825117528292,0.017426320218486734,0.027743362457437068,0.01810397375266009,0.02972150721350187,5,Working Day
2018-02-27,211.0,89.0,34.0,31.0,56.0,369.0,1402.0,3090.0,5358.0,3505.0,1813.0,1795.0,2167.0,2312.0,2354.0,2634.0,3239.0,5069.0,4970.0,3147.0,1958.0,1427.0,962.0,522.0,48514,1,-73.98359650511719,40.73837874905668,-73.98389832945917,40.73810598384378,0.017826072976762027,0.029123420461916225,0.017867215724358815,0.028725695370985318,-73.98176295819843,40.737698121979975,-73.98579751395948,40.736666409017595,0.017971783040814652,0.03088275189851006,0.017276301579820845,0.026835661543617436,-73.98500926083545,40.73855458629696,-73.98329158615971,40.73885927900693,0.017474173195730344,0.027559153052248327,0.01789539294738216,0.029120194328382105,5,Working Day
2018-02-28,278.0,134.0,71.0,35.0,64.0,379.0,1420.0,3168.0,5487.0,3569.0,1865.0,1708.0,2176.0,2339.0,2436.0,2609.0,3389.0,5738.0,4989.0,3275.0,2198.0,1575.0,1134.0,673.0,50709,2,-73.98365381167727,40.73786655753269,-73.98390234900597,40.737573750519815,0.017986147647531852,0.02909136342549677,0.018028312533884858,0.028808113116301007,-73.98184601104326,40.73732933531112,-73.98585487115908,40.73654551900199,0.018032936412031433,0.030639560220623994,0.017233461447900597,0.0268456440344972,-73.98501894436835,40.737982544994466,-73.98331714997887,40.73837103355885,0.017929209280602657,0.02784451353574972,0.01827185608984662,0.029482252649432224,5,Working Day
2018-03-01,329.0,146.0,86.0,32.0,72.0,372.0,1404.0,3200.0,5657.0,3692.0,2130.0,1923.0,2198.0,2303.0,2387.0,2624.0,3273.0,4848.0,4566.0,2595.0,1179.0,266.0,184.0,98.0,45564,3,-73.98349938614504,40.73809471307915,-73.98413922693675,40.737859835018426,0.01768008508001534,0.02900594029509264,0.01774186836672319,0.02839110238818468,-73.98184974192033,40.737187117467634,-73.98571547201833,40.736647933479375,0.017688852256235385,0.030877149958861563,0.017198556707690542,0.027205734880889985,-73.9850086992968,40.737842627087524,-73.98353762509512,40.73805879362554,0.01725919775933299,0.02741444753856724,0.017860517076509437,0.029152738558851605,5,Working Day
2018-03-02,29.0,33.0,3.0,5.0,15.0,95.0,259.0,441.0,694.0,444.0,257.0,183.0,179.0,201.0,258.0,321.0,394.0,531.0,410.0,543.0,496.0,408.0,357.0,299.0,6855,4,-73.9825806639593,40.73686672142511,-73.98259623953005,40.736457771383684,0.01791240813451529,0.02877408854132385,0.018046498067769114,0.02853254605815756,-73.9826289722143,40.736306478295404,-73.98390802159719,40.73649629467677,0.01742846812578516,0.029774933406280308,0.01751626100565959,0.027993335532204563,-73.9830142887563,40.738550424995594,-73.98208114385113,40.73796310148753,0.01770531582124427,0.02713869544780969,0.017784925593486395,0.0278219434034726,3,Working Day
2018-03-03,208.0,150.0,99.0,53.0,47.0,42.0,185.0,455.0,883.0,1341.0,1823.0,2286.0,2608.0,2809.0,2580.0,2556.0,2483.0,2093.0,1780.0,1338.0,845.0,678.0,566.0,456.0,28364,5,-73.98190308586565,40.73528164210133,-73.98240561354027,40.734742802239815,0.01853174264505541,0.03138802105188167,0.01860704167211325,0.030916291595553563,-73.9803767025186,40.737022652726935,-73.98239285840573,40.73670071716963,0.019226370877708114,0.032728200347088045,0.018591769239176333,0.03107188794210041,-73.98250582779441,40.73587075658196,-73.98236638462699,40.73516123010147,0.018147693459993633,0.030893567903402582,0.01828307389082328,0.03079256769563847,0,Saturday
2018-03-04,426.0,293.0,187.0,116.0,54.0,52.0,108.0,366.0,702.0,1163.0,1659.0,2071.0,2328.0,2313.0,2232.0,2297.0,2209.0,1979.0,1539.0,1220.0,712.0,523.0,408.0,305.0,25262,6,-73.98187909744678,40.73532595090763,-73.98222629421929,40.73480877341921,0.018762916204762056,0.03171871826430723,0.01874529777330497,0.03127225063563525,-73.98074747003453,40.73752923105252,-73.98270578094976,40.737423744341925,0.01879149333337841,0.032654372117335934,0.018372967205985517,0.031749421330498656,-73.98249464089231,40.73439296825414,-73.98247833700293,40.73404628344397,0.018523070284880663,0.0311549661392895,0.01866640060277475,0.03094704902194357,0,"Holiday, Sunday"
2018-03-05,240.0,80.0,50.0,30.0,59.0,307.0,1136.0,2321.0,4051.0,2664.0,1440.0,1248.0,1548.0,1504.0,1694.0,1870.0,2397.0,4028.0,3951.0,2409.0,1573.0,1074.0,723.0,377.0,36774,0,-73.98362067427162,40.738118483809316,-73.98369736764725,40.737974734531115,0.017937079114552047,0.051893067261483086,0.018036473615333986,0.0517389673085458,-73.98281060105212,40.73699320305447,-73.98606289715526,40.73664413225156,0.01752959097335584,0.029934849964497107,0.016790274733857538,0.026277130299305448,-73.98460251048431,40.73779905485846,-73.98303889259583,40.73819277664591,0.017420215551435504,0.027625106524937885,0.01778318930524908,0.02930182401461122,5,Working Day
2018-03-06,200.0,84.0,42.0,38.0,47.0,340.0,1279.0,2819.0,4986.0,3308.0,1713.0,1645.0,1872.0,2028.0,2144.0,2212.0,2689.0,4343.0,4096.0,2610.0,1713.0,1241.0,812.0,427.0,42688,1,-73.98349004523993,40.73851854937177,-73.98383766777657,40.73817932275745,0.017729762191766366,0.04374497998488144,0.017786086961951768,0.043454991029677564,-73.98190843425078,40.738844893111185,-73.98532988576456,40.73812518252277,0.018620009574474,0.08021465023558684,0.018230048164856003,0.07886455379847164,-73.98468730063466,40.738444454392535,-73.98331818682477,40.73849655045918,0.01727341602685246,0.02733665858771752,0.01763287202772644,0.02914832250743133,5,Working Day
2018-03-07,232.0,77.0,18.0,18.0,37.0,145.0,466.0,953.0,2055.0,998.0,525.0,375.0,268.0,200.0,275.0,217.0,214.0,203.0,206.0,167.0,115.0,139.0,166.0,118.0,8187,2,-73.98170775954569,40.73747986326397,-73.98304888163639,40.73716709551634,0.018614150616321552,0.060612137217226976,0.018666259841839263,0.05992176557927317,-73.98036327661977,40.738063596971024,-73.98371980850955,40.73776307083682,0.019201505349096627,0.09186353164253903,0.018973216466825395,0.0908082999988546,-73.98246965694722,40.73741606833632,-73.98115666278724,40.736848110349975,0.019345823672953448,0.02733787133994394,0.019471649147979032,0.028675887594235942,5,Working Day
2018-03-08,80.0,36.0,24.0,16.0,22.0,137.0,580.0,1272.0,2545.0,1940.0,1134.0,965.0,1279.0,1271.0,1443.0,1580.0,2094.0,3279.0,3066.0,2110.0,1449.0,1015.0,673.0,431.0,28441,3,-73.98359114649175,40.73722634579903,-73.98373355873426,40.737043007570854,0.017271574057864395,0.027951080019774886,0.01749648618272898,0.02805649539513585,-73.98206139693751,40.73691151629152,-73.98528960661855,40.736895201455845,0.017313267498850902,0.029145821226281086,0.017065276094602042,0.026367688062945004,-73.98464040322021,40.737781361494854,-73.98338044536452,40.737688494482924,0.0170126287815621,0.02686612391038573,0.017343894686985606,0.0284756031245662,5,Working Day
2018-03-09,262.0,118.0,54.0,29.0,42.0,252.0,931.0,2054.0,3827.0,2649.0,1543.0,1466.0,1725.0,1697.0,1906.0,1955.0,2599.0,3715.0,3065.0,1958.0,1200.0,795.0,574.0,495.0,34911,4,-73.98325940551324,40.73792006497293,-73.98358990933009,40.73773316425282,0.017549063339603984,0.02889990143959533,0.017688404957044667,0.02859793232599025,-73.98186952149194,40.737262136277046,-73.98497476788377,40.7370546506146,0.017558640026623003,0.02999222919623719,0.017357531259036645,0.02697254919928281,-73.98459208925544,40.73813051522541,-73.9833827398366,40.73801124209861,0.017429063944739358,0.027140968725728645,0.017754033453625494,0.02863984278820397,5,Working Day
2018-03-10,354.0,190.0,121.0,76.0,76.0,69.0,202.0,455.0,862.0,1346.0,1746.0,2036.0,2227.0,2207.0,2143.0,2158.0,1991.0,1902.0,1490.0,1180.0,914.0,629.0,559.0,511.0,25444,5,-73.98187755897912,40.73520988592091,-73.98233110873015,40.7347160725392,0.018716103174006682,0.031125364524985013,0.018727643253234158,0.03070090292807232,-73.98077948867903,40.7371543291944,-73.98263969316955,40.73661112590311,0.01931334893242865,0.03269207832011338,0.01877911230824991,0.0309092411181253,-73.98253102384862,40.73491580958625,-73.98245805770269,40.73433552995176,0.0188388722489006,0.030515044216290286,0.018904294066896157,0.030075871789731062,0,Saturday
2018-03-11,320.0,232.0,0.0,163.0,101.0,66.0,95.0,264.0,537.0,893.0,1384.0,1763.0,2158.0,2391.0,2508.0,2684.0,2773.0,2593.0,2417.0,1519.0,1104.0,772.0,563.0,296.0,27596,6,-73.98196640612606,40.73577236803325,-73.98229677370247,40.73513165065657,0.019079661130114344,0.032022416723907085,0.019092607315296283,0.031725085352185045,-73.98113242785989,40.738205257990586,-73.98269914169889,40.73763663219389,0.01887317224338676,0.033016565370846,0.018513692106037642,0.032001188113847286,-73.9828164632117,40.73510376656944,-73.98260929076437,40.73427221167969,0.018949151228719967,0.031922321489852384,0.019088916508757492,0.03160005724923624,0,"Holiday, Sunday"
2018-03-12,182.0,85.0,52.0,51.0,49.0,321.0,1017.0,2230.0,3985.0,2737.0,1475.0,1289.0,1607.0,1612.0,1665.0,1807.0,2328.0,3930.0,4083.0,2660.0,1662.0,978.0,368.0,167.0,36340,0,-73.98348745080025,40.73811402556064,-73.98363940974707,40.73775233455827,0.017692633696202654,0.029006938808970283,0.017875353846607763,0.028747206208831876,-73.98243648722877,40.737576494269796,-73.98580424121955,40.736498042562644,0.01731148718498589,0.0302617086846214,0.01697559846398979,0.026945834028592863,-73.98467822140515,40.73793219537358,-73.982973649177,40.7381156457004,0.01772035126313074,0.02754618716749236,0.018167228770301483,0.029489238466672407,5,Working Day
2018-03-13,81.0,36.0,27.0,13.0,33.0,141.0,436.0,638.0,1276.0,1119.0,548.0,543.0,634.0,710.0,1105.0,1483.0,2045.0,3181.0,3409.0,2169.0,1469.0,983.0,660.0,398.0,23137,1,-73.98365191860606,40.73684469464305,-73.98299547247866,40.73672096805638,0.0181839994753274,0.028955533799260313,0.01832098807568969,0.029536937380074582,-73.98204329918696,40.73597287340323,-73.98476083443866,40.73551517277155,0.01737525469250539,0.029040727661117576,0.017511413901446927,0.026860495445763504,-73.9845995876329,40.736458469889335,-73.98296891452678,40.73635262958644,0.0181817720517844,0.028387725922541556,0.01835642312470433,0.02981783950356548,2,Working Day
2018-03-14,179.0,81.0,36.0,38.0,68.0,346.0,987.0,2148.0,3970.0,3017.0,1514.0,1369.0,1618.0,1617.0,1662.0,1847.0,2229.0,3801.0,3679.0,2176.0,1342.0,813.0,554.0,286.0,35377,2,-73.98327374061536,40.73778611123272,-73.98367716337575,40.73744764908891,0.01757656710567647,0.028874258882151563,0.017672461818746682,0.02841890141074402,-73.98175052718581,40.73680034955565,-73.98497205933309,40.73636322876958,0.01779242881435729,0.03030514177718388,0.017394132958561726,0.02705947502032148,-73.98437471470734,40.73810422105811,-73.98326374788788,40.73802265455918,0.017378857714727438,0.02738550613362531,0.017830515418251106,0.0288822820890788,5,Working Day
2018-03-15,170.0,88.0,42.0,30.0,49.0,321.0,994.0,2164.0,3993.0,2875.0,1508.0,1596.0,1779.0,1861.0,1874.0,2059.0,2582.0,4380.0,4461.0,2758.0,1569.0,1125.0,835.0,459.0,39572,3,-73.98342349332748,40.737553826525016,-73.98362278869105,40.737238717547505,0.01765295857973279,0.0377401074413602,0.017726560248470417,0.037660914317843915,-73.98186385436725,40.73789997445142,-73.98476729167767,40.73724256035779,0.017767110250249896,0.030116614017942106,0.017378294406906247,0.027031436210125045,-73.98428382785436,40.73628115650611,-73.98312799618631,40.7362825452175,0.01734384701259908,0.028488223274472133,0.0176365799041839,0.030235278964835837,5,Working Day
2018-03-16,249.0,147.0,72.0,43.0,42.0,274.0,917.0,2013.0,3831.0,2915.0,1551.0,1460.0,1612.0,1703.0,1802.0,1975.0,2469.0,3625.0,3180.0,2059.0,1149.0,796.0,599.0,438.0,34921,4,-73.98323217757832,40.738028900655664,-73.98371744016076,40.73761814326253,0.0176062176429373,0.028694699201612918,0.017693938279108038,0.028153581669928124,-73.98198988901373,40.73707393255899,-73.98488156333542,40.73663650591634,0.017546351394186744,0.030524147081909786,0.0172882563088208,0.026956290441811675,-73.98427396225446,40.73804854658926,-73.98322231355588,40.73790574991303,0.01756369575961107,0.027216926791581005,0.017952180594156094,0.02884589457757195,5,Working Day
2018-03-17,298.0,176.0,111.0,73.0,47.0,51.0,161.0,374.0,808.0,1285.0,1664.0,1929.0,2349.0,2331.0,2468.0,2491.0,2402.0,2150.0,1940.0,1656.0,1036.0,778.0,619.0,474.0,27671,5,-73.98196329783913,40.73548613012936,-73.9824144707964,40.73507148409897,0.019188978467342587,0.03132700793830254,0.019120402558004655,0.03086718742696328,-73.98038022729362,40.73617144343267,-73.98248823051252,40.73616250468003,0.020031702560480192,0.03187649132336148,0.01904744632626191,0.030038900527777974,-73.98287012050223,40.73504617828454,-73.98273408121966,40.73448868517737,0.01888851867160263,0.030821553999455523,0.019102783931270736,0.030515128830927413,0,Saturday
2018-03-18,332.0,219.0,158.0,79.0,74.0,109.0,176.0,348.0,681.0,1068.0,1456.0,1758.0,2013.0,2093.0,2136.0,2172.0,2191.0,2113.0,1914.0,1421.0,1009.0,803.0,499.0,336.0,25158,6,-73.98139632646306,40.73590339622262,-73.98169109918696,40.73554633474559,0.019127369472173892,0.03177711722594966,0.0190398518109789,0.03166389149708723,-73.98045829640822,40.73740767125188,-73.98226233167941,40.738492503963826,0.018317697080714974,0.033490368770935634,0.01741349107215369,0.03190414762600821,-73.9816349909157,40.73612302616484,-73.98153741005423,40.735823564088896,0.01914144594192003,0.03127741660445358,0.01915228943461354,0.031241907917089314,0,"Holiday, Sunday"
2018-03-19,162.0,111.0,76.0,33.0,49.0,323.0,1054.0,2197.0,3979.0,2767.0,1329.0,1343.0,1681.0,1698.0,1790.0,1994.0,2706.0,4543.0,4536.0,2873.0,1742.0,1169.0,719.0,404.0,39278,0,-73.98350862057451,40.73795425252935,-73.98355065886349,40.73760988682106,0.017866511813033618,0.02912066640898355,0.017963931228991994,0.02886200056372655,-73.98234269048983,40.73744802803922,-73.98556319426874,40.73667340532294,0.017343787740267246,0.030114933687626775,0.01703735588369329,0.026701325768571225,-73.98458435609466,40.73770234272625,-73.98304982893306,40.73785277024234,0.0178347018312002,0.02787346948023517,0.01815723348312826,0.029502725887700906,5,Working Day
2018-03-20,182.0,84.0,37.0,32.0,58.0,328.0,1126.0,2377.0,4643.0,3105.0,1479.0,1198.0,1429.0,1443.0,1437.0,1639.0,2164.0,3542.0,3481.0,2243.0,1406.0,1009.0,688.0,402.0,35532,1,-73.98324552819408,40.73869728942221,-73.98366184012256,40.73830862973155,0.017619272360647958,0.028508485271374975,0.017745120342955834,0.028045903493752085,-73.98198242942355,40.73806492932208,-73.98517035824133,40.737436603738935,0.017677793778183012,0.029735710147592125,0.01733341859881512,0.026482799858463368,-73.98449037874795,40.73898979855996,-73.98332130972605,40.73899367941179,0.01704988343821024,0.026709347634493955,0.017570295193666208,0.028252255890358294,5,Working Day
2018-03-23,248.0,121.0,56.0,34.0,57.0,285.0,963.0,1918.0,3814.0,2907.0,1557.0,1557.0,1943.0,1979.0,2197.0,2274.0,2830.0,4225.0,3631.0,2364.0,1328.0,924.0,763.0,551.0,38526,4,-73.98339021593873,40.73764235401707,-73.98363731280794,40.737396926221955,0.0178947871153977,0.02870657623882056,0.018051734550036832,0.028368169104924845,-73.98164039496163,40.73779179640694,-73.98491398219352,40.73726926320773,0.017477291969397537,0.029953017646604695,0.017187757308262684,0.026476605306199264,-73.98466500590234,40.737399020048954,-73.9834049495685,40.737528498670024,0.017777788533619963,0.02746378261472644,0.018055684453429185,0.0287279236970073,5,Working Day
2018-03-24,383.0,244.0,129.0,81.0,61.0,58.0,170.0,463.0,906.0,1489.0,1982.0,2470.0,2879.0,3116.0,3290.0,3218.0,3205.0,2820.0,2493.0,1741.0,1079.0,888.0,683.0,549.0,34397,5,-73.98192667471373,40.7365560556955,-73.98260615628773,40.73597500330449,0.01927198321639601,0.03168568115333684,0.01921046863248575,0.03130395800968126,-73.9803230782255,40.73626141036832,-73.98243181072948,40.73648237280162,0.019541481934211864,0.03304569694147133,0.018969946402190498,0.031409385832620096,-73.98299487681369,40.735695347290395,-73.9829728668338,40.73504873053844,0.019246334676409016,0.03108391572108788,0.019343815217148327,0.03106703191850368,0,Saturday
2018-03-25,397.0,224.0,149.0,95.0,69.0,43.0,129.0,295.0,621.0,1187.0,1601.0,2016.0,2212.0,2325.0,2154.0,2081.0,2103.0,2077.0,1893.0,1411.0,912.0,710.0,528.0,330.0,25562,6,-73.98179943058085,40.736315988392384,-73.98208231285166,40.7358820470529,0.018959417573047286,0.03186860085139144,0.018943755961692597,0.0314971547691312,-73.98030559333363,40.738014925704476,-73.98179674998076,40.737759604453366,0.01944212649470061,0.033637353363157825,0.018793958668608373,0.03196274491861705,-73.98202253492305,40.73584570139446,-73.98178171708142,40.735575840260175,0.019053343938961936,0.03164653027373477,0.019382928801914324,0.0313837075177893,0,"Holiday, Sunday"
2018-03-26,151.0,80.0,40.0,23.0,52.0,321.0,1046.0,2155.0,4074.0,2889.0,1479.0,1376.0,1694.0,1843.0,1909.0,2155.0,2840.0,4743.0,4574.0,2823.0,1718.0,1085.0,808.0,417.0,40295,0,-73.98373973315567,40.737312813298956,-73.98380631343652,40.73718814002665,0.017898947433235432,0.02908691189070973,0.01795877916379199,0.028922346604469525,-73.98255330166738,40.73693173061359,-73.9859091600116,40.73628623822485,0.01761453047267134,0.029738677873634687,0.016989962086866064,0.02644247938309778,-73.98479742649106,40.73728631155117,-73.98312135334339,40.73768716530852,0.017823132597659812,0.028021053843296628,0.018246176310189446,0.029916750841503144,5,Working Day
2018-03-27,178.0,93.0,62.0,41.0,77.0,368.0,1178.0,2530.0,4712.0,3224.0,1694.0,1539.0,1799.0,1863.0,1832.0,2015.0,2585.0,4298.0,4376.0,2844.0,1798.0,1151.0,714.0,383.0,41354,1,-73.98330692990203,40.73859918359168,-73.98363098450204,40.738293245699694,0.017805674116563322,0.037321222289802,0.01789025920575411,0.036958651001016085,-73.98182996246899,40.7382413638595,-73.98541939302713,40.73741957680968,0.017688349666617878,0.03014685558588855,0.01726990187611031,0.02649383961305646,-73.98462733237986,40.738008999622714,-73.98309572155034,40.73826163478178,0.017413211895882425,0.02774885851907769,0.01776661346863106,0.02919531249527032,5,Working Day
2018-03-28,145.0,61.0,34.0,21.0,58.0,174.0,914.0,2119.0,4283.0,3242.0,1700.0,1545.0,1912.0,1924.0,1946.0,2196.0,2800.0,4712.0,4744.0,3076.0,1932.0,1389.0,1000.0,592.0,42519,2,-73.98349565629205,40.73812885867903,-73.98350987484157,40.73792455995315,0.01780861395754723,0.028620043172768537,0.017933626082467773,0.028478777817549133,-73.98212056882261,40.737532963483226,-73.9854848959999,40.73723438879739,0.017781718906955166,0.029540343239546313,0.017174171760833933,0.02632984450403813,-73.98477294824363,40.73811106423771,-73.98309873455915,40.73834121783192,0.017551408838966172,0.027307573873834583,0.01797437000528894,0.02900112665032819,5,Working Day
2018-03-29,282.0,152.0,81.0,69.0,69.0,369.0,1271.0,2178.0,3739.0,2301.0,1019.0,1241.0,1653.0,1827.0,1992.0,2238.0,3018.0,4333.0,4139.0,2653.0,1764.0,1267.0,976.0,659.0,39290,3,-73.9833135143423,40.738044318675406,-73.98342534442675,40.737865199236886,0.01790117373154821,0.028799716202379394,0.018080184102788784,0.02860758945897008,-73.98149420792322,40.73551515887085,-73.98529220377766,40.7354566027313,0.017788726459065683,0.030349554463987863,0.017384721830729817,0.0272906693954008,-73.98467445874519,40.73822465937739,-73.98339563653984,40.73821044443913,0.017642689025557268,0.02766528257844976,0.017933096198204573,0.028895908796655732,5,Working Day
2018-03-30,328.0,200.0,116.0,70.0,69.0,227.0,633.0,1260.0,2800.0,3013.0,1963.0,2173.0,2504.0,2692.0,2960.0,3165.0,1788.0,1718.0,2130.0,1582.0,1215.0,904.0,707.0,568.0,34785,4,-73.9829664255887,40.73763492624782,-73.98340191702161,40.737416727856065,0.018123331200041587,0.02942606765767005,0.01817406542338558,0.02889907363361695,-73.98196628365619,40.736173721174175,-73.98511059363443,40.7361469220126,0.018181721802470942,0.0300253529139583,0.017641470532215167,0.027233895619333683,-73.98367786413874,40.73638793106527,-73.9825541045451,40.7359227712888,0.018013605392146755,0.028079674923656327,0.01822737102693989,0.02903029144017688,5,Working Day
2018-03-31,370.0,236.0,126.0,100.0,53.0,71.0,165.0,481.0,993.0,1796.0,2492.0,3460.0,3885.0,4168.0,4292.0,4268.0,3869.0,3333.0,2596.0,1776.0,1095.0,839.0,716.0,606.0,41786,5,-73.98183834656585,40.737096239080266,-73.9824320152413,40.73662910040881,0.019383109331797984,0.032482647506438304,0.01928864096522113,0.032174510403647966,-73.9804972131283,40.73879684916725,-73.98266523768372,40.73811671980601,0.019223438748109514,0.03321184841921734,0.018701452997708687,0.03163346531557645,-73.98266337086855,40.73710652532936,-73.98234253127336,40.737191185758,0.019458949537332727,0.03221650099127034,0.01943487960920856,0.03190591221928325,0,Saturday
2018-04-01,366.0,252.0,145.0,91.0,65.0,53.0,119.0,345.0,742.0,1286.0,1970.0,2487.0,2730.0,3098.0,3187.0,3043.0,3053.0,2791.0,2453.0,1800.0,1179.0,882.0,606.0,405.0,33148,6,-73.98141017275934,40.73780442398984,-73.98174824147793,40.737190373198096,0.019313888834079692,0.032823982348917265,0.01928094786859405,0.032494699355588436,-73.97998238666833,40.73783233822453,-73.98142502127962,40.73846285825811,0.01979469380228629,0.0336015357407821,0.019633414604544482,0.0329714701048088,-73.98216641127198,40.737845882368376,-73.98202044498363,40.73723770663627,0.019354398224730108,0.032469900234825606,0.01951338022730116,0.032240740089551224,0,"Holiday, Sunday"
2018-04-02,183.0,122.0,57.0,23.0,46.0,125.0,214.0,227.0,376.0,454.0,402.0,602.0,796.0,1001.0,997.0,1303.0,1928.0,3405.0,3591.0,2417.0,1587.0,1034.0,648.0,524.0,22062,0,-73.984191291202,40.73668232297421,-73.98298180356433,40.7366722337814,0.017932030864036316,0.028518500280020655,0.01828497829172145,0.029530966835392632,-73.98334604482264,40.736174392278095,-73.98610223948407,40.73588666192088,0.01680175511113898,0.028997948821746774,0.016196761498259358,0.02698878474633017,-73.98476996760196,40.736762476499756,-73.98278042437816,40.73678556806151,0.017996686455067547,0.02798909673263529,0.01843447356417609,0.0297078972667286,2,Working Day
2018-04-03,227.0,108.0,72.0,41.0,66.0,350.0,1193.0,2303.0,4312.0,3157.0,1466.0,783.0,509.0,488.0,571.0,608.0,922.0,1377.0,2129.0,1726.0,1309.0,1040.0,713.0,411.0,25881,1,-73.98292445652126,40.737358383393655,-73.98361779764805,40.737000339876495,0.017898619800168315,0.029044344328159038,0.01785080508257091,0.028160165340406468,-73.98148416926914,40.737479736489504,-73.98525183658096,40.73686851209421,0.018137124742953856,0.029999213216981263,0.017441032582452998,0.026567531852717197,-73.98463384357505,40.73638844781278,-73.98297952447491,40.736475850809285,0.01728742913870011,0.027256423961387416,0.01786131007794587,0.028848567393137133,5,Working Day
2018-04-04,221.0,114.0,93.0,38.0,61.0,301.0,912.0,1816.0,3413.0,2779.0,1508.0,1496.0,1611.0,776.0,1170.0,1675.0,2491.0,4439.0,4609.0,2919.0,1823.0,1230.0,793.0,465.0,36753,2,-73.98306251100826,40.73760830456041,-73.9831845252543,40.73751502688829,0.017785688264894225,0.0288556712564291,0.01804521385619049,0.0288364613000144,-73.98158692250541,40.73633132366041,-73.98530872550165,40.73646647835735,0.017875397110952904,0.02967494852062377,0.01742859252005998,0.02650330320385729,-73.98396033598301,40.73806741854219,-73.98254567322896,40.737970562031045,0.017506232518022156,0.027869373238225952,0.018143598833757626,0.029491987993438117,5,Working Day
2018-04-05,208.0,110.0,61.0,27.0,55.0,310.0,994.0,2147.0,4022.0,3117.0,1629.0,1539.0,1865.0,1919.0,1950.0,2094.0,2520.0,4187.0,4294.0,2704.0,1579.0,1099.0,830.0,554.0,39814,3,-73.98297026604914,40.73830655967448,-73.98329849443655,40.738058520312656,0.017817654780070767,0.029125085659132837,0.01791289906866671,0.028758052846330692,-73.98139772581264,40.736639586629906,-73.98505988915372,40.736099800041664,0.01793296050821985,0.03068605934923004,0.017398020545830773,0.026991351562536743,-73.9842836415117,40.73823120253985,-73.98290426810031,40.738354081918565,0.017738346837261557,0.02750906319489476,0.01810882045659693,0.02896516750963835,5,Working Day
2018-04-06,291.0,153.0,86.0,53.0,66.0,282.0,997.0,1873.0,1509.0,944.0,884.0,1177.0,1516.0,1887.0,2007.0,2336.0,3211.0,4590.0,4335.0,2721.0,1715.0,1259.0,992.0,740.0,35624,4,-73.98338563078693,40.73803658263496,-73.98304154593424,40.73774649652455,0.017852078874750755,0.02892474127901355,0.018084196953159864,0.02921222009189616,-73.98126916171242,40.73664481754878,-73.98384085984837,40.736537140208156,0.018209356624567647,0.02994935892328793,0.018162893223587696,0.027619610359966882,-73.98442845901756,40.73755234571147,-73.983147956219,40.737201944267575,0.017840130257553568,0.028572949267274095,0.018104031041646512,0.029919062584327295,2,Working Day
2018-04-07,515.0,315.0,193.0,97.0,63.0,77.0,205.0,478.0,898.0,1538.0,1835.0,2387.0,2644.0,2678.0,2905.0,3114.0,2935.0,2785.0,2398.0,1848.0,1176.0,909.0,703.0,549.0,33245,5,-73.98163678295722,40.736020899087364,-73.98209092433116,40.73549932055981,0.0189700452133084,0.03177670488244882,0.018952939134812077,0.03139290517638088,-73.98079393124951,40.73745859376196,-73.98244072532495,40.73733864887178,0.01927230732411279,0.032530312081336034,0.0190251770134814,0.03064299277460927,-73.98228492037734,40.73636964789048,-73.98230571031242,40.735684871477744,0.01896924872237012,0.03144296418879592,0.01878634176587008,0.03123109456093725,0,Saturday
2018-04-08,374.0,290.0,164.0,94.0,59.0,41.0,100.0,265.0,668.0,1165.0,1655.0,2182.0,2664.0,2683.0,2715.0,2730.0,2483.0,2130.0,1922.0,1539.0,924.0,706.0,527.0,330.0,28410,6,-73.98128421513572,40.73610261251928,-73.98164933456992,40.73570588892704,0.019114646668219788,0.03264227447900525,0.01911001959053533,0.032334950306644884,-73.98001825375708,40.73805032940925,-73.98125278396051,40.73845381077179,0.019045026395061598,0.03353746469664527,0.018849921240012186,0.03204961717828734,-73.981818308279,40.73583515139657,-73.98149543369254,40.73541225494109,0.0191948847579812,0.03209542496950373,0.01916613668356264,0.032067768749300625,0,"Holiday, Sunday"
2018-04-09,161.0,78.0,51.0,33.0,45.0,305.0,1082.0,2389.0,4233.0,2953.0,1490.0,1410.0,1719.0,1782.0,1927.0,2121.0,2734.0,4614.0,4375.0,2816.0,1833.0,1199.0,761.0,398.0,40509,0,-73.9831166674407,40.73815307994001,-73.98321688141212,40.73790155953058,0.018000153153957102,0.02958248423490483,0.01817476312023749,0.029403735354671275,-73.9817849962438,40.737509882278474,-73.98513943761493,40.73677340019663,0.017857978629545062,0.030627221016277587,0.017320839780996782,0.027265974566303062,-73.98431689201423,40.73809396187541,-73.98259563264423,40.738321958780034,0.017942859850439242,0.02829960818460475,0.018527751896661598,0.029969968805922318,5,Working Day
2018-04-10,185.0,99.0,29.0,17.0,44.0,274.0,1083.0,2331.0,4149.0,3173.0,1661.0,1538.0,1792.0,1798.0,2018.0,2189.0,2898.0,4885.0,5059.0,3148.0,1946.0,1339.0,893.0,503.0,43051,1,-73.98311366288901,40.73832275645201,-73.98318565363766,40.73819882004694,0.01792900990321632,0.029203642177819237,0.018050012007531396,0.028996497277337274,-73.98184316672871,40.73762258940914,-73.98506425340517,40.73703546805996,0.017665911403959858,0.030386351734013373,0.01722143208756846,0.027049451426753548,-73.98397016618074,40.73834128322396,-73.9826132179616,40.738554224068494,0.01787902133234041,0.02819215400640902,0.018319016395064152,0.029716713936444757,5,Working Day
2018-04-11,268.0,101.0,46.0,36.0,46.0,374.0,1387.0,2990.0,5206.0,3631.0,1948.0,1793.0,2084.0,2216.0,2319.0,2463.0,3017.0,5023.0,5239.0,3258.0,1989.0,1462.0,1089.0,627.0,48612,2,-73.98297873902159,40.73853759999404,-73.98324221734265,40.73826739476543,0.0181206967170421,0.0295804803505261,0.01820123106040544,0.029168221808554787,-73.98151094271337,40.73728928905424,-73.98524051468364,40.73654404966766,0.018082367836724976,0.031166161412629168,0.017494264129540617,0.027151544820362083,-73.98431086164669,40.738672301749226,-73.98264272892933,40.7390151322934,0.0178517434934267,0.02807249499501831,0.01837464346781988,0.0298496552213498,5,Working Day
2018-04-12,249.0,99.0,70.0,41.0,53.0,393.0,1423.0,3117.0,5540.0,3950.0,2107.0,2019.0,2427.0,2478.0,2554.0,2670.0,3364.0,5373.0,5529.0,3698.0,2407.0,1668.0,1164.0,775.0,53168,3,-73.9829144637085,40.73851743534213,-73.98325483048505,40.73821374409678,0.01822190424333101,0.02968369424027473,0.018312383181615325,0.02935093342257658,-73.98100317970147,40.73700704599543,-73.98496079498443,40.73636430786226,0.01847019834152511,0.031551389483666384,0.017775080973236088,0.02770155739246568,-73.98430457110074,40.73883609382163,-73.98267647506006,40.73904373570676,0.017963666345757582,0.02797672145756258,0.018466939027167784,0.029847654232987676,5,Working Day
2018-04-13,452.0,227.0,118.0,86.0,79.0,435.0,1441.0,3067.0,5537.0,4281.0,2476.0,2476.0,3020.0,3269.0,3554.0,3936.0,5180.0,7083.0,6127.0,3980.0,2424.0,1672.0,1429.0,1156.0,63505,4,-73.98342824579326,40.73828437693535,-73.9836366086285,40.737814013957696,0.01851096430875177,0.030006959913289187,0.018655906606971025,0.029752120138237317,-73.98127368288071,40.737959766713,-73.98516592071459,40.73692260872687,0.018258973657799136,0.031288196477522866,0.01764114650536524,0.027288027842690483,-73.9848493881312,40.73803020886129,-73.98342204035639,40.73795744669664,0.018466007460312083,0.028881826640174368,0.018980481654203653,0.030499544596027543,5,Working Day
2018-04-14,842.0,459.0,285.0,144.0,111.0,112.0,341.0,821.0,1697.0,2744.0,3818.0,4945.0,5947.0,6263.0,6140.0,6025.0,5843.0,5276.0,4107.0,2499.0,1532.0,1100.0,856.0,689.0,62596,5,-73.98142115285563,40.73580406952768,-73.98197709798599,40.735012970153406,0.020032206211633933,0.033239397961034235,0.019950566333179653,0.033019819925176934,-73.9802061493822,40.73700476366512,-73.98287086884768,40.736149886977344,0.020184428652015828,0.033609924211267274,0.01955069674104028,0.03236587008290605,-73.98221150910581,40.73581391494083,-73.98196983591338,40.7354419747648,0.01963085650963564,0.03329939388933875,0.0198797566624713,0.03263604640085222,0,Saturday
2018-04-15,444.0,273.0,154.0,96.0,66.0,44.0,149.0,364.0,764.0,1184.0,1674.0,1927.0,2174.0,2131.0,2043.0,1943.0,1871.0,1517.0,764.0,279.0,162.0,192.0,130.0,96.0,20441,6,-73.98131439116723,40.73515399457385,-73.98180934948655,40.73501730388269,0.01915044776496857,0.03165708323253445,0.019012702397168017,0.03125208098190944,-73.97932256486686,40.73758447856023,-73.98095288451498,40.737829577350716,0.01943686850749181,0.033918977982342134,0.019347215003453502,0.03271038026214081,-73.98178851256975,40.73528841071342,-73.98172058551536,40.734960568844784,0.018974798118600887,0.030760077389715562,0.01903863667455629,0.03068795826458852,0,"Holiday, Sunday"
2018-04-16,66.0,15.0,6.0,6.0,14.0,64.0,161.0,331.0,362.0,201.0,165.0,356.0,810.0,1245.0,1676.0,2110.0,2690.0,4455.0,4379.0,2871.0,1837.0,1245.0,758.0,465.0,26288,0,-73.98321113360103,40.73759381590858,-73.98204318190194,40.73740323066197,0.018239723790072687,0.029580888630931987,0.018720224833154442,0.03054151154980777,-73.97999354327877,40.734550205015935,-73.98390981905308,40.735510117612904,0.01789238549773727,0.031488639086217886,0.017745796155675553,0.029213308102455492,-73.98406168527262,40.737700781170545,-73.98196722131303,40.73772087228015,0.018177783160851224,0.029077003238088883,0.018755989505325442,0.03070792203981167,1,Working Day
2018-04-17,196.0,109.0,74.0,45.0,92.0,391.0,1296.0,2933.0,4926.0,3491.0,1969.0,1795.0,1986.0,2001.0,1977.0,2137.0,2758.0,4701.0,4494.0,2929.0,1882.0,1173.0,888.0,446.0,44689,1,-73.9825734769479,40.73865901267976,-73.98301868793,40.73827005109685,0.01798607004755715,0.02947139790722514,0.018069168839287164,0.029007848427748995,-73.98113354370645,40.73819662662776,-73.98477166108479,40.737233757762056,0.01812762893119496,0.031067916612817013,0.0176584093807249,0.027524991026261054,-73.98367725974411,40.73873851621422,-73.98228014202022,40.73884619272226,0.01786213876700356,0.02813779370746071,0.01827916984612873,0.02973579172910828,5,Working Day
2018-04-18,210.0,89.0,81.0,38.0,58.0,374.0,1302.0,2811.0,4945.0,3582.0,2063.0,1857.0,2140.0,2269.0,2477.0,2616.0,3328.0,5757.0,5694.0,3600.0,2352.0,1565.0,1215.0,687.0,51110,2,-73.98300609960567,40.73829093549408,-73.98312725537521,40.73796229129365,0.01816432257737426,0.02971794521379388,0.01827988048580319,0.029529678713980958,-73.98114619153795,40.738106744999435,-73.98481311365377,40.737545969079115,0.017979103584003845,0.0309238823918131,0.017442812211895867,0.027478594860333872,-73.98440537369069,40.738021850904396,-73.98270260744448,40.73824819649607,0.01806418493869244,0.028354643225353714,0.018532899233088828,0.03006915955619204,5,Working Day
2018-04-19,312.0,163.0,78.0,45.0,56.0,282.0,864.0,1871.0,4527.0,3553.0,1848.0,1319.0,1623.0,1073.0,657.0,1235.0,2403.0,4351.0,4562.0,3013.0,1799.0,1189.0,891.0,584.0,38298,3,-73.98304032216461,40.73754755438855,-73.98319125505095,40.7374130004129,0.01803345644729625,0.029116349116324276,0.01820925502243296,0.028944926794641106,-73.98150266228853,40.73678096646773,-73.98499699350414,40.73659092133276,0.018101892450261656,0.03052198229686866,0.017573918410576702,0.027072297098909258,-73.98453449413759,40.737896565478884,-73.98309672490501,40.73791743962853,0.0176425660289344,0.02759729897083921,0.01809422770072369,0.029346973580403245,5,Working Day
2018-04-20,282.0,159.0,64.0,44.0,54.0,323.0,1125.0,2454.0,4381.0,3288.0,1985.0,2043.0,2388.0,2603.0,2752.0,2839.0,3756.0,5290.0,4372.0,2793.0,1567.0,1056.0,803.0,630.0,47051,4,-73.98279544188439,40.73810201731133,-73.9831787728408,40.73778611981685,0.018252164627441583,0.029865707546334587,0.01835285499960888,0.029454353588173318,-73.98092209461902,40.737462356196595,-73.98457003066167,40.73660277349028,0.018135780516338563,0.03148088617413066,0.017827720268360547,0.02764662191442409,-73.98417580384856,40.737682013546674,-73.98288295032937,40.737665940479715,0.017958532931521002,0.028290887655526467,0.018480260510232768,0.0297045900489569,5,Working Day
2018-04-21,466.0,312.0,171.0,100.0,78.0,90.0,298.0,728.0,1384.0,2403.0,3504.0,4332.0,5414.0,6063.0,6394.0,6132.0,5988.0,5606.0,4791.0,3428.0,2180.0,1530.0,1228.0,975.0,63595,5,-73.98134789066218,40.7369728407182,-73.981871843262,40.736406980494756,0.019921247671882955,0.03258444053247652,0.019936350302405623,0.032287018085171135,-73.97975503197048,40.73776585075068,-73.98172046674706,40.737147094818674,0.019748673729809273,0.033454834731516815,0.0194805327030217,0.03201213009355233,-73.98230027235296,40.73625911512007,-73.98197130747401,40.73588738582677,0.019829350115791625,0.032489945449883983,0.02010139326603838,0.03224456638134537,0,Saturday
2018-04-22,653.0,399.0,234.0,138.0,84.0,75.0,204.0,595.0,1007.0,2029.0,3134.0,3930.0,4656.0,5183.0,5489.0,5513.0,5325.0,4793.0,3948.0,2756.0,1698.0,1173.0,765.0,501.0,54282,6,-73.98119001106843,40.7367459873343,-73.981614671862,40.736102104778986,0.020030065415975285,0.033484514380436814,0.01996339836433785,0.033181624330300384,-73.97891892848034,40.739280717147714,-73.98087745226192,40.73925182763123,0.01941465515812224,0.034212604832852635,0.01936439310932969,0.03272962703189142,-73.9822965076595,40.736443791694285,-73.98197634696874,40.735891871586034,0.01985990254212446,0.033235248108284605,0.0200872806530004,0.03265234361726125,0,"Holiday, Sunday"
2018-04-23,257.0,132.0,64.0,35.0,59.0,409.0,1414.0,3254.0,5708.0,3854.0,2245.0,2256.0,2673.0,2689.0,2937.0,3145.0,3875.0,6708.0,6614.0,3974.0,2359.0,1578.0,977.0,550.0,57766,0,-73.98328950643501,40.73894601345412,-73.98326724786493,40.73867601312612,0.018512847214583725,0.029852445498974364,0.01862159751640441,0.029622282025778587,-73.98155177380808,40.739001553318275,-73.98569586762483,40.73773870133039,0.01838036729768165,0.031301999831442946,0.017454777597450555,0.026905067732343142,-73.98481098523993,40.73836603258124,-73.98250867423549,40.73892714701486,0.018430693706976604,0.028312292567215725,0.019080318358350216,0.03055757791412435,1,Working Day
2018-04-24,315.0,165.0,76.0,47.0,62.0,426.0,1697.0,3636.0,6473.0,4417.0,2482.0,2332.0,2659.0,2794.0,2793.0,3005.0,3838.0,6456.0,6270.0,3855.0,2423.0,1513.0,612.0,181.0,58527,1,-73.98307690134638,40.73903641645503,-73.98346389765268,40.73869493013446,0.018353139917866225,0.029642359063097718,0.018375564996441652,0.02915483218423725,-73.98124145001941,40.73827239608561,-73.98555685774821,40.73698520682347,0.018545343737754627,0.031460372426203184,0.017790716000828034,0.027199905328696945,-73.98467294374095,40.738748050805704,-73.98265708359762,40.73899943558097,0.018029219057855348,0.027905719678398163,0.01869422157482863,0.029895215692734883,1,Working Day
2018-04-25,124.0,57.0,35.0,21.0,28.0,167.0,288.0,380.0,1384.0,2390.0,1327.0,1182.0,1475.0,1283.0,1120.0,1400.0,1890.0,4015.0,4316.0,3045.0,2022.0,1462.0,1100.0,702.0,31213,2,-73.98353588131901,40.73527398192961,-73.9830046831187,40.73553708973215,0.018209717157527384,0.02923682447247352,0.018432246902732784,0.02973037523181145,-73.98168794943182,40.73250065608696,-73.98501357566414,40.733621093270905,0.017848414766750104,0.029485566070115408,0.017422542285707863,0.027195988430922302,-73.98484832693299,40.73588347761577,-73.98290325632375,40.736237365963454,0.018050946895369614,0.028440019867549658,0.01835755688497569,0.03003787738811485,5,Working Day
2018-04-26,214.0,76.0,87.0,58.0,61.0,411.0,1574.0,3588.0,6130.0,4413.0,2704.0,2591.0,3054.0,3100.0,3243.0,3681.0,4436.0,7032.0,7209.0,4813.0,2901.0,2172.0,1546.0,982.0,66076,3,-73.98314340147135,40.738736972245725,-73.98332558895395,40.73824603969846,0.018486665180721104,0.0299334243441064,0.018632214514462016,0.02962663001664937,-73.98099585834709,40.73769819610175,-73.98524492716709,40.736604998358885,0.01846615853933848,0.03178275893347217,0.017846861240884304,0.02746987187672133,-73.9847419679852,40.73870951381199,-73.98284376968856,40.73866836016925,0.018193531576541088,0.02835242803404525,0.018869485767447174,0.03009729886104781,1,Working Day
2018-04-27,538.0,270.0,140.0,62.0,90.0,395.0,1385.0,3039.0,2983.0,1906.0,1327.0,775.0,1653.0,1906.0,2279.0,2297.0,2755.0,4101.0,3649.0,2669.0,1666.0,1284.0,1100.0,884.0,39153,4,-73.9829613419499,40.7377836634546,-73.98314887053199,40.73745807830973,0.01826834633488892,0.029389037221522814,0.01838760948927384,0.029241928752332683,-73.97989885803116,40.736946279448546,-73.9832979116827,40.73620135862543,0.018645290255565185,0.03197429899862201,0.01834058928113859,0.0289966391417902,-73.98517057650756,40.73791131473003,-73.98372895434386,40.737799902930334,0.0174387942461205,0.02696168367071471,0.017998595866606574,0.028639713904365087,5,Working Day
2018-04-28,582.0,423.0,215.0,133.0,91.0,98.0,302.0,771.0,1501.0,2500.0,3313.0,4269.0,5044.0,5593.0,5722.0,5786.0,5678.0,4716.0,4100.0,2928.0,1213.0,814.0,495.0,457.0,56744,5,-73.98112254844862,40.73560894391221,-73.98186566662396,40.73485358480896,0.01990169463698418,0.033243520419534614,0.01985260960683436,0.03283754849937562,-73.97985183704797,40.73709460838451,-73.98177249275143,40.73645310265663,0.02003327141617301,0.03393184806184503,0.019812797552080392,0.03274698876896896,-73.98199680044222,40.7350150223759,-73.98223610504976,40.734395164889825,0.01972100079768786,0.03314456878504028,0.019865921363834572,0.032561536055951426,0,Saturday
2018-04-29,309.0,213.0,93.0,87.0,72.0,61.0,116.0,449.0,1135.0,1831.0,2805.0,3666.0,4256.0,4459.0,4439.0,4126.0,4195.0,3468.0,3022.0,2341.0,1501.0,996.0,732.0,464.0,44836,6,-73.98081718734991,40.73650210049593,-73.98134960711846,40.73582841875985,0.019408602077828328,0.033408334171317784,0.019315749410568017,0.033031462417690234,-73.9785790966571,40.73991002866983,-73.9804610768566,40.73999349886493,0.019291074359727454,0.03430629109627654,0.018898089501828263,0.0331315614700222,-73.98154180476499,40.73614239967047,-73.9814433425139,40.735703895782535,0.01912128081503489,0.03256742034945605,0.019208582411568042,0.031980801952594236,0,"Holiday, Sunday"
2018-04-30,220.0,105.0,60.0,34.0,55.0,373.0,1388.0,3099.0,5405.0,3744.0,1982.0,1474.0,1814.0,1834.0,1875.0,1702.0,2259.0,2722.0,3231.0,2850.0,1975.0,1394.0,978.0,501.0,41074,0,-73.98215720025887,40.73903258826,-73.98284000325012,40.73848644812873,0.018162286938482233,0.03814423830469516,0.01826510571856408,0.037475511460503486,-73.98167044174619,40.738229230883725,-73.9853458427461,40.737046553296274,0.017920846453684094,0.03136492949949726,0.01734821476452833,0.0272530533924182,-73.98266477791911,40.74064226762425,-73.98147911141923,40.740541048838736,0.01846443952200991,0.053431491015777766,0.01886124764110023,0.054198508448585,5,Working Day
